id,name,x,y
GS01,陆家嘴环路样例,121.506900,31.236300
GS02,世纪大道样例,121.522400,31.233300
GS03,花木世纪公园样例,121.557000,31.223000
GS04,塘桥样例,121.516000,31.209000
GS05,金桥样例,121.604000,31.251000
GS06,张江样例,121.596000,31.203000
GS07,北蔡样例,121.548000,31.184000
GS08,三林样例,121.500000,31.163000
GS09,碧云样例,121.593000,31.241000
GS10,联洋样例,121.542000,31.226000
